,ContactStatus,DateLastUpdated,DateCreated,CreatedBy,UpdatedBy,FirstName,LastName,Organization,RelationshipType,ContactType,JobTitle,JobFunction,DoNotContact,OptedInEmail,Description,Address1,Address2,City,State,PostCode,Country,Email,Website,OtheSocialProfiles,LinkedinProfile,ContactName
84hjd83y,Key Contact,12/12/2012,12/2/2012,Elite Avner,Elite Avner,Joanne,Leftfield,Bletchley House,Partner/ Advisor,Non-Profit,Marketing Manager,Communications / Sales,,Yes,The house hosts various educational programmes,34 Lord Ham Road,,Ham,Middex,HA3 5AH,United Kingdom,joanne@bletchleyhouse.org,www.bletchleyhouse.org,,www.linkedin.com/pub/joanne-robinson/4/417/b08,JoanneLeftfield
dh38jshg,Prospect / Lead,5/1/2013,12/5/2011,Paul Cable,Elite Avner,Harry,Lotte,Progressive Media,Funder,Corporate,CEO,Senior Management,TRUE,,Publishing company,54 Farringdon Road,,London,,EC4V 6JJ,United Kingdom,harry@progressivemedia.com,www.progressivemedia.com,,https://twitter.com/harrym,HarryLotte
jehe9e7d,Existing Relationship,4/4/2013,6/13/2011,Ron Browning,Elite Avner,Sam,Stephenson,My Latest Apps,Partner,Technology Provider,Head of Product Development,IT,FALSE,,Bespoke apps for the third sector,Medium House,Mansion Road,Esher,,ES2 4GR,United Kingdom,sam@mlapps.com,www.mlapps.com,,,SamStephenson
kehe7ehe,Existing Relationship,2/1/2011,2/1/2011,Ron Browning,Ron Browning,Monty,Python,UCL,Participant,Young Person,Student,Education,,Yes,,,,London,,,United Kingdom,python1524@gmail.com,,,,MontyPython
sjwhs7eh,Prospect / Lead,4/4/2013,6/13/2011,Ron Browning,Paul Cable,Rebecca,Monsier,Unknown,Trainer / Mentor,Individual,Independent Education Consultant,Education,,,Rebecca has many years experience teaching mindfulness around the world,,,Nottingham,Nottinghamshire,,United Kingdom,lookinlookout@hotmail.co.uk,www.lookinlookout.co.uk,,https://twitter.com/search?q=rebecca&src=typd,RebeccaMonsier
